DROP DATABASE IF EXISTS spoileralert;
CREATE DATABASE spoileralert;
USE spoileralert;

DROP TABLE IF EXISTS users;
CREATE TABLE IF NOT EXISTS users (
    userId INT  NOT NULL PRIMARY KEY,
    userName VARCHAR(50) NOT NULL,
    name VARCHAR(50),
    email VARCHAR(75) NOT NULL,
    age INT NOT NULL
);

DROP TABLE IF EXISTS shows;
CREATE TABLE IF NOT EXISTS shows(
	showID INT NOT NULL PRIMARY KEY,
	title VARCHAR(50) NOT NULL,
    rating DECIMAL(3, 1) CHECK (rating BETWEEN 0.0 AND 5.0),
    releaseDate DATE,
    season INT NOT NULL,
    ageRating VARCHAR(10),
    streamingPlatform VARCHAR(25)
);

DROP TABLE IF EXISTS favorites;
CREATE TABLE favorites
(
   favoriteId  INT NOT NULL AUTO_INCREMENT PRIMARY KEY,
   userId      INT NOT NULL,
   showId      INT,
   favoritedAt DATETIME DEFAULT CURRENT_TIMESTAMP
);

DROP TABLE IF EXISTS directors;
CREATE TABLE IF NOT EXISTS directors(
	directorId INT NOT NULL PRIMARY KEY,
	firstName VARCHAR(50) NOT NULL,
	lastName VARCHAR(50) NOT NULL,
	filmsMade INT,
	bio TEXT,
	socialMedia VARCHAR(100),
    showId INT NOT NULL,
    FOREIGN KEY d_show (showId) REFERENCES shows(showId)
        ON UPDATE CASCADE
        ON DELETE CASCADE     );

DROP TABLE IF EXISTS reviews;
CREATE TABLE IF NOT EXISTS reviews(
	writtenrevID INT NOT NULL PRIMARY KEY,
    userId INT NOT NULL,
    showID INT NOT NULL,
    createdAt DATETIME DEFAULT NOW(),
    rating DECIMAL(3, 1) CHECK (rating BETWEEN 0.0 AND 5.0),
    content text,
    CONSTRAINT fk_reviewUser FOREIGN KEY (userId) REFERENCES users (userId)
    ON DELETE CASCADE
    ON UPDATE CASCADE,
    CONSTRAINT fk_reviewShow FOREIGN KEY (showId) REFERENCES shows (showId)
    ON DELETE CASCADE
    ON UPDATE CASCADE
);

DROP TABLE IF EXISTS comments;
CREATE TABLE IF NOT EXISTS comments(
	commentId INT NOT NULL PRIMARY KEY,
    writtenrevId INT NOT NULL,
    userId INT NOT NULL,
    createdAt DATETIME DEFAULT NOW(),
    content TEXT NOT NULL,
    CONSTRAINT fk_commentReview FOREIGN KEY (writtenrevId) REFERENCES reviews (writtenrevID)
    ON UPDATE CASCADE
    ON DELETE CASCADE,
    CONSTRAINT fk_commentUser FOREIGN KEY (userId) REFERENCES users (userId)
    ON UPDATE CASCADE
    ON DELETE CASCADE
);

DROP TABLE IF EXISTS watchlist;
CREATE TABLE IF NOT EXISTS watchlist(
	toWatchId INT NOT NULL PRIMARY KEY,
	userId INT NOT NULL,
	createdAt DATETIME,
	name VARCHAR(50),
	showId INT NOT NULL,
    CONSTRAINT fk_watchlistUsers FOREIGN KEY (userId) REFERENCES users (userId)
	ON DELETE RESTRICT,
	CONSTRAINT fk_watchlistShows FOREIGN KEY (showId) REFERENCES shows (showId)
	ON DELETE RESTRICT
);

DROP TABLE IF EXISTS userFeedback;
CREATE TABLE IF NOT EXISTS userFeedback (
    feedbackId INTEGER AUTO_INCREMENT PRIMARY KEY,
    title VARCHAR(200) NOT NULL,
    content TEXT NOT NULL,
    createdAt DATETIME DEFAULT CURRENT_TIMESTAMP,
    userId INT,
    CONSTRAINT feedback_writtenBy FOREIGN KEY (userId) REFERENCES users(userId) ON DELETE RESTRICT
);

DROP TABLE IF EXISTS watches;
CREATE TABLE IF NOT EXISTS watches(
	watchId INT NOT NULL PRIMARY KEY,
	watchDate DATE,
	showId INT NOT NULL,
	userId INT NOT NULL,
    CONSTRAINT fk_watchesUsers FOREIGN KEY (userId) REFERENCES users(userId)
	ON DELETE RESTRICT,
	CONSTRAINT fk_watchesShows FOREIGN KEY (showId) REFERENCES shows (showId)
	ON DELETE CASCADE
);

DROP TABLE IF EXISTS forum;
CREATE TABLE IF NOT EXISTS forum(
	forumId INT NOT NULL PRIMARY KEY,
	topic VARCHAR(100) NOT NULL,
    content text,
    name VARCHAR(100) NOT NULL
);

DROP TABLE IF EXISTS genre;
CREATE TABLE IF NOT EXISTS genre(
	genreId INT UNSIGNED NOT NULL PRIMARY KEY,
	title VARCHAR(50) NOT NULL,
	description TEXT
);

DROP TABLE IF EXISTS articles;
CREATE TABLE IF NOT EXISTS articles(
   articleID INT PRIMARY KEY,
   title VARCHAR(100) NOT NULL,
   createdAt DATE NOT NULL,
   rating DECIMAL(3, 1) CHECK (rating BETWEEN 0.0 AND 5.0),
   content TEXT,
   directorID INT NOT NULL,
   CONSTRAINT fk_articleDirector FOREIGN KEY (directorID) REFERENCES directors (directorID)
	ON UPDATE CASCADE
	ON DELETE RESTRICT
);

DROP TABLE IF EXISTS actors;
CREATE TABLE IF NOT EXISTS actors(
   actorID INT PRIMARY KEY,
   lastName VARCHAR(50) NOT NULL,
   firstName VARCHAR(50) NOT NULL,
   bio TEXT,
   socialMedia VARCHAR(100)
);

DROP TABLE IF EXISTS featured_shows;
CREATE TABLE IF NOT EXISTS featured_shows (
  actorId INT NOT NULL,
  featuredShows VARCHAR(50),
  PRIMARY KEY (actorId, featuredShows),
  CONSTRAINT fk_actor FOREIGN KEY (actorId) REFERENCES actors(actorId)
    ON UPDATE CASCADE
    ON DELETE CASCADE
);


DROP TABLE IF EXISTS streaming_pltfm;
CREATE TABLE IF NOT EXISTS streaming_pltfm(
    showId INT NOT NULL,
    platform VARCHAR(25) NOT NULL,
    PRIMARY KEY (showId, platform),
    CONSTRAINT FOREIGN KEY (showId) REFERENCES shows (showId)
    ON DELETE CASCADE
    ON UPDATE CASCADE
);

DROP TABLE IF EXISTS coworkers;
CREATE TABLE IF NOT EXISTS coworkers(
    directorId INT NOT NULL,
    actorId INT NOT NULL,
    PRIMARY KEY (directorId, actorId),
    CONSTRAINT FOREIGN KEY (directorId) REFERENCES directors (directorId)
    ON UPDATE CASCADE,
    CONSTRAINT FOREIGN KEY (actorId) REFERENCES actors (actorId)
);


DROP TABLE IF EXISTS keyword;
CREATE TABLE IF NOT EXISTS keyword(
    showId INT NOT NULL,
    keyword VARCHAR(50) NOT NULL,
    PRIMARY KEY (showId, keyword),
    CONSTRAINT FOREIGN KEY (showId) REFERENCES shows (showId)
    ON DELETE CASCADE
    ON UPDATE CASCADE
);


DROP TABLE IF EXISTS user_forums;
CREATE TABLE IF NOT EXISTS user_forums(
	userId INT NOT NULL,
	forumId INT NOT NULL,
    PRIMARY KEY (userId, forumId),
    CONSTRAINT FOREIGN KEY fk_forumUserUser (userId) REFERENCES users (userId)
 	ON UPDATE CASCADE
 	ON DELETE CASCADE,
 	CONSTRAINT FOREIGN KEY fk_forumUserForum (forumId) REFERENCES forum (forumId)
	ON DELETE CASCADE
	ON UPDATE CASCADE
);

DROP TABLE IF EXISTS follows;
CREATE TABLE IF NOT EXISTS follows(
	followerId INT NOT NULL,
	followeeId INT NOT NULL,
	PRIMARY KEY (followerId, followeeId),
	CONSTRAINT FOREIGN KEY fk_followerUser (followerId) REFERENCES users (userId)
	ON UPDATE CASCADE
	ON DELETE CASCADE,
	CONSTRAINT FOREIGN KEY fk_followeeUser (followeeId) REFERENCES users (userId)
	ON UPDATE CASCADE
	ON DELETE CASCADE
);


DROP TABLE IF EXISTS featuredIn;
CREATE TABLE IF NOT EXISTS featuredIn(
	actorId INT NOT NULL,
	showId INT NOT NULL,
	PRIMARY KEY (actorId, showId),
	CONSTRAINT FOREIGN KEY fk_actorFeature (actorId) REFERENCES actors (actorId)
	ON UPDATE CASCADE
	ON DELETE CASCADE,
	CONSTRAINT FOREIGN KEY fk_showFeature (showId) REFERENCES shows (showId)
	ON UPDATE CASCADE
	ON DELETE CASCADE
);

DROP TABLE IF EXISTS show_genre;
CREATE TABLE IF NOT EXISTS show_genre (
    genreId INT UNSIGNED NOT NULL,
    showId INT NOT NULL,
    PRIMARY KEY (genreId, showId),
    CONSTRAINT fk_show_genre_genre FOREIGN KEY (genreId) REFERENCES genre (genreId)
        ON DELETE RESTRICT
        ON UPDATE CASCADE,
    CONSTRAINT fk_show_genre_show FOREIGN KEY (showId) REFERENCES shows (showId)
        ON DELETE CASCADE
        ON UPDATE CASCADE
);

DROP TABLE IF EXISTS favorited_prod;
CREATE TABLE IF NOT EXISTS favorited_prod(
    favoritedId INT NOT NULL,
    showId INT NOT NULL,
    PRIMARY KEY (favoritedId, showId),
    CONSTRAINT fk_favoritedFavorites FOREIGN KEY (favoritedId) REFERENCES favorites (favoriteId)
        ON DELETE RESTRICT
        ON UPDATE CASCADE,
    CONSTRAINT fk_favoritedShow FOREIGN KEY (showId) REFERENCES shows (showId)
        ON DELETE CASCADE
        ON UPDATE CASCADE
);

DROP TABLE IF EXISTS comp_lists;
CREATE TABLE IF NOT EXISTS comp_lists(
    toWatchId INT NOT NULL,
    showId INT NOT NULL,
    PRIMARY KEY (toWatchId, showId),
    CONSTRAINT fk_compWatchlist FOREIGN KEY (toWatchId) REFERENCES watchlist (toWatchId)
        ON DELETE RESTRICT
        ON UPDATE CASCADE,
    CONSTRAINT fk_watchListShow FOREIGN KEY (showId) REFERENCES shows (showId)
        ON DELETE CASCADE
        ON UPDATE CASCADE
);

DROP TABLE IF EXISTS watched_prod;
CREATE TABLE IF NOT EXISTS watched_prod(
    userId INT NOT NULL,
    showId INT NOT NULL,
    PRIMARY KEY (userId, showId),
    CONSTRAINT fk_watchedUser FOREIGN KEY (userId) REFERENCES users (userId)
        ON DELETE RESTRICT
        ON UPDATE CASCADE,
    CONSTRAINT fk_watchedShow FOREIGN KEY (showId) REFERENCES shows (showId)
        ON DELETE CASCADE
        ON UPDATE CASCADE
);

DROP TABLE IF EXISTS article_genre;
CREATE TABLE IF NOT EXISTS article_genre (
    genreId INT UNSIGNED NOT NULL,
    articleId INT NOT NULL,
    PRIMARY KEY (genreId, articleId),
    CONSTRAINT fk_articleGenreGenre FOREIGN KEY (genreId) REFERENCES genre (genreId)
        ON DELETE RESTRICT
        ON UPDATE CASCADE,
    CONSTRAINT fk_articleGenreArticle FOREIGN KEY (articleId) REFERENCES articles (articleId)
        ON DELETE CASCADE
        ON UPDATE CASCADE
);

DROP TABLE IF EXISTS com_reviews;
CREATE TABLE IF NOT EXISTS com_reviews (
    commentId INT NOT NULL,
    writtenrevId INT NOT NULL,
    PRIMARY KEY (commentId, writtenrevId),
    CONSTRAINT fk_comrev FOREIGN KEY (commentId) REFERENCES comments (commentId)
        ON DELETE CASCADE
        ON UPDATE CASCADE,
    CONSTRAINT fk_comrevRev FOREIGN KEY (writtenrevId) REFERENCES reviews (writtenrevId)
        ON DELETE CASCADE
        ON UPDATE CASCADE
);

INSERT INTO users (userId, userName, name, email, age) VALUES
(1, 'mmastrantone0', 'Monroe Mastrantone', 'mmastrantone0@amazon.co.jp', 27),
(2, 'kcowper1', 'Kaitlin Cowper', 'kcowper1@t-online.de', 90),
(3, 'rtustin2', 'Riobard Tustin', 'rtustin2@aboutads.info', 99),
(4, 'hbencher3', 'Horst Bencher', 'hbencher3@cafepress.com', 58),
(5, 'hswatradge4', 'Harlan Swatradge', 'hswatradge4@netlog.com', 92),
(6, 'jantoniutti5', 'Jeromy Antoniutti', 'jantoniutti5@mac.com', 19),
(7, 'clemasney6', 'Cheryl Lemasney', 'clemasney6@theguardian.com', 100),
(8, 'arolley7', 'Ag Rolley', 'arolley7@mtv.com', 24),
(9, 'xbremmell8', 'Xerxes Bremmell', 'xbremmell8@lycos.com', 61),
(10, 'tgehrts9', 'Tim Gehrts', 'tgehrts9@acquirethisname.com', 95),
(11, 'mgabbya', 'Moshe Gabby', 'mgabbya@sciencedirect.com', 95),
(12, 'acroxonb', 'Aguste Croxon', 'acroxonb@nbcnews.com', 72),
(13, 'mcritzenc', 'Mattie Critzen', 'mcritzenc@umn.edu', 66),
(14, 'abeaverd', 'Alfie Beaver', 'abeaverd@cpanel.net', 24),
(15, 'cjannawaye', 'Cozmo Jannaway', 'cjannawaye@globo.com', 83),
(16, 'ashaplinf', 'Abram Shaplin', 'ashaplinf@godaddy.com', 27),
(17, 'dmouling', 'Diane Moulin', 'dmouling@harvard.edu', 29),
(18, 'hwickinsh', 'Hyacinthia Wickins', 'hwickinsh@ning.com', 28),
(19, 'chauxwelli', 'Candida Hauxwell', 'chauxwelli@upenn.edu', 39),
(20, 'pparslowj', 'Pyotr Parslow', 'pparslowj@ibm.com', 40),
(21, 'dgerretsenk', 'Doreen Gerretsen', 'dgerretsenk@webnode.com', 89),
(22, 'crosboroughl', 'Chick Rosborough', 'crosboroughl@nhs.uk', 70),
(23, 'ejebbm', 'Elie Jebb', 'ejebbm@umn.edu', 24),
(24, 'pchristoffersenn', 'Paxton Christoffersen', 'pchristoffersenn@is.gd', 94),
(25, 'gpankso', 'Gerladina Panks', 'gpankso@vkontakte.ru', 84),
(26, 'bservicep', 'Beth Service', 'bservicep@noaa.gov', 31),
(27, 'ssallyq', 'Selia Sally', 'ssallyq@ucoz.com', 21),
(28, 'ahurcomber', 'Ag Hurcombe', 'ahurcomber@jigsy.com', 20),
(29, 'pvondryss', 'Paulie Vondrys', 'pvondryss@globo.com', 56),
(30, 'aarnholzt', 'Ashien Arnholz', 'aarnholzt@java.com', 38),
(31, 'sbarrabealeu', 'Silvain Barrabeale', 'sbarrabealeu@hibu.com', 80),
(32, 'ckarpychevv', 'Craig Karpychev', 'ckarpychevv@networkadvertising.org', 32),
(33, 'emateow', 'Elenore Mateo', 'emateow@themeforest.net', 63),
(34, 'wbannx', 'Winfred Bann', 'wbannx@over-blog.com', 86),
(35, 'lvaneyy', 'Leontine Vaney', 'lvaneyy@marriott.com', 73),
(36, 'rschoenleiterz', 'Ronica Schoenleiter', 'rschoenleiterz@hexun.com', 44),
(37, 'mlamonby10', 'Minerva Lamonby', 'mlamonby10@comcast.net', 77),
(38, 'bmacghee11', 'Bud MacGhee', 'bmacghee11@ustream.tv', 67),
(39, 'dpoundford12', 'Dario Poundford', 'dpoundford12@sitemeter.com', 87),
(40, 'thatt13', 'Toddy Hatt', 'thatt13@mozilla.com', 30);


INSERT INTO shows (showID, title, rating, releaseDate, season, ageRating, streamingPlatform)
VALUES
    (1, 'Breaking Bad', 2.0, '1981-01-27', 8, 'R', 'Netflix'),
    (2, 'Game of Thrones', 0.8, '2012-10-09', 17, 'PG-13', 'HBO Max'),
    (3, 'Friends', 3.4, '1942-08-12', 13, 'NC-17', 'Netflix'),
    (4, 'The Office', 2.1, '1942-09-14', 18, 'PG', 'Peacock'),
    (5, 'Stranger Things', 0.1, '1943-12-03', 11, 'PG', 'Netflix'),
    (6, 'The Crown', 2.4, '1920-05-06', 2, 'NC-17', 'Netflix'),
    (7, 'The Simpsons', 0.3, '1959-11-25', 1, 'PG', 'Disney+'),
    (8, 'The Mandalorian', 2.6, '1961-02-16', 4, 'PG-13', 'Disney+'),
    (9, 'Better Call Saul', 4.9, '1948-04-06', 20, 'NC-17', 'AMC+'),
    (10, 'Seinfeld', 2.7, '1945-12-01', 16, 'G', 'Netflix'),
    (11, 'The Sopranos', 3.3, '1981-10-26', 12, 'PG-13', 'HBO Max'),
    (12, 'The Witcher', 2.5, '1968-12-05', 15, 'NC-17', 'Netflix'),
    (13, 'Lost', 1.9, '1995-07-13', 6, 'R', 'Hulu'),
    (14, 'House of Cards', 1.1, '1921-01-27', 15, 'PG-13', 'Netflix'),
    (15, 'The Boys', 0.2, '1993-08-11', 18, 'PG-13', 'Amazon Prime Video'),
    (16, 'Mad Men', 0.5, '1902-06-03', 18, 'R', 'AMC+'),
    (17, 'Parks and Recreation', 1.3, '1970-03-08', 20, 'G', 'Peacock'),
    (18, 'Sherlock', 4.6, '1951-11-06', 1, 'G', 'BBC iPlayer'),
    (19, 'House', 1.3, '1937-07-30', 9, 'G', 'Peacock'),
    (20, 'True Detective', 2.6, '1987-06-12', 8, 'G', 'HBO Max'),
    (21, 'Narcos', 1.4, '1953-03-21', 13, 'R', 'Netflix'),
    (22, 'Westworld', 2.0, '2004-04-12', 13, 'PG', 'HBO Max'),
    (23, 'The Walking Dead', 1.7, '1953-02-06', 3, 'R', 'AMC+'),
    (24, 'The Big Bang Theory', 0.9, '2018-03-14', 7, 'G', 'Max'),
    (25, 'Vikings', 0.8, '1941-06-20', 9, 'R', 'Netflix'),
    (26, 'Peaky Blinders', 0.1, '1998-06-14', 12, 'PG', 'Netflix'),
    (27, 'Succession', 1.3, '1943-12-11', 20, 'R', 'HBO Max'),
    (28, 'Dexter', 3.2, '1906-06-17', 18, 'R', 'Showtime'),
    (29, 'Community', 0.5, '1980-06-13', 2, 'G', 'Peacock'),
    (30, 'The X-Files', 3.3, '1991-06-05', 7, 'PG-13', 'Hulu'),
    (31, 'Black Mirror', 1.3, '1923-05-19', 20, 'PG', 'Netflix'),
    (32, 'Fargo', 3.8, '2022-07-13', 10, 'R', 'Hulu'),
    (33, 'Brooklyn Nine-Nine', 2.5, '1947-05-27', 19, 'PG-13', 'Peacock'),
    (34, 'Ozark', 0.2, '1999-02-09', 20, 'R', 'Netflix'),
    (35, 'The Handmaid''s Tale', 4.3, '1995-03-16', 19, 'NC-17', 'Hulu'),
    (36, 'Arrested Development', 4.3, '1934-12-14', 6, 'PG-13', 'Netflix'),
    (37, 'Boardwalk Empire', 4.9, '1929-09-04', 8, 'PG', 'HBO Max'),
    (38, 'Mindhunter', 3.9, '1929-12-19', 4, 'NC-17', 'Netflix'),
    (39, 'Chernobyl', 1.9, '1930-11-03', 11, 'NC-17', 'HBO Max'),
    (40, 'The Americans', 4.5, '1963-07-17', 15, 'PG-13', 'FX on Hulu');

INSERT INTO reviews (writtenrevID, userId, showID, createdAt, rating, content) values
(1, 32, 24, '2005-12-18', 1.2, 'The pacing felt slow and the plot was confusing.'),
(2, 32, 18, '2005-09-29', 2.0, 'Some interesting moments but overall disappointing.'),
(3, 25, 12, '2008-11-05', 3.8, 'Good character development but lacked excitement.'),
(4, 22, 25, '2016-04-13', 0.7, 'I couldn’t get into the story at all.'),
(5, 34, 33, '2002-10-22', 1.7, 'The concept was intriguing but poorly executed.'),
(6, 39, 15, '2009-11-20', 0.8, 'Visuals were okay but the story failed to engage.'),
(7, 39, 2, '2003-02-08', 2.8, 'Decent show but some plot holes were distracting.'),
(8, 29, 27, '2010-08-31', 0.5, 'Not worth watching, very boring.'),
(9, 36, 18, '2015-12-31', 1.9, 'Some good scenes but overall predictable.'),
(10, 29, 32, '2014-09-08', 0.9, 'The episodes dragged and lost my interest.'),
(11, 23, 22, '2001-10-20', 2.9, 'Average show with some entertaining parts.'),
(12, 14, 34, '2004-06-15', 0.2, 'I gave up after the first episode.'),
(13, 40, 35, '2012-07-13', 1.5, 'Underwhelming performance from the cast.'),
(14, 11, 14, '2005-08-17', 3.6, 'Engaging story but pacing could improve.'),
(15, 9, 35, '2012-01-04', 3.8, 'Great visuals and strong acting.'),
(16, 39, 38, '2021-03-05', 1.3, 'The plot was hard to follow.'),
(17, 4, 2, '2021-03-10', 1.8, 'Felt like it lacked direction.'),
(18, 22, 6, '2002-12-22', 1.0, 'Characters were unrelatable and flat.'),
(19, 35, 7, '2009-12-30', 3.0, 'Solid watch with a few standout moments.'),
(20, 2, 34, '2011-07-09', 2.1, 'The show had potential but was inconsistent.'),
(21, 2, 24, '2013-08-20', 0.6, 'Script was weak and uninspired.'),
(22, 9, 7, '2014-10-27', 1.0, 'Not my style, and poorly executed.'),
(23, 19, 21, '2019-10-10', 2.7, 'Some episodes were entertaining, others not so much.'),
(24, 12, 11, '2012-02-23', 0.8, 'Slow plot and uninteresting characters.'),
(25, 14, 32, '2010-04-14', 1.4, 'Couldn’t get invested in the story.'),
(26, 13, 20, '2006-12-28', 3.2, 'A decent show with some memorable scenes.'),
(27, 31, 10, '2021-03-08', 1.0, 'Episodes felt repetitive and dull.'),
(28, 25, 26, '2005-01-16', 4.5, 'Very well made with excellent performances.'),
(29, 37, 25, '2011-05-20', 0.3, 'A total letdown, avoid it.'),
(30, 23, 8, '2010-12-18', 3.2, 'Worth a watch if you like slow dramas.'),
(31, 25, 20, '2005-04-21', 4.4, 'Strong storyline and well executed.'),
(32, 36, 21, '2006-04-06', 1.1, 'Failed to capture my attention.'),
(33, 9, 17, '2000-12-28', 3.2, 'Interesting ideas but inconsistent writing.'),
(34, 29, 37, '2006-01-29', 4.6, 'Excellent pacing and engaging characters.'),
(35, 31, 10, '2016-12-23', 1.2, 'Boring and predictable plot.'),
(36, 14, 39, '2012-11-11', 2.1, 'Not bad but didn’t live up to hype.'),
(37, 6, 6, '2006-05-03', 2.5, 'Average show with some good moments.'),
(38, 3, 34, '2013-12-09', 3.4, 'Compelling story with minor flaws.'),
(39, 7, 26, '2009-08-27', 3.2, 'Engaging and entertaining overall.'),
(40, 35, 19, '2011-11-24', 3.2, 'Decent show, good for casual watching.'),
(41, 26, 5, '2011-08-07', 4.3, 'Really enjoyed the plot twists.'),
(42, 36, 2, '2012-04-01', 4.2, 'Great atmosphere and strong acting.'),
(43, 14, 25, '2004-12-30', 3.5, 'Worth watching for the suspense.'),
(44, 3, 11, '2022-01-15', 1.6, 'Not very engaging or memorable.'),
(45, 11, 11, '2015-02-03', 5.0, 'Masterpiece, could not stop watching!'),
(46, 27, 34, '2010-05-20', 2.4, 'Mediocre but had its moments.'),
(47, 8, 19, '2020-02-16', 4.8, 'Absolutely loved every episode.'),
(48, 19, 19, '2021-05-15', 0.0, 'Terrible experience, do not recommend.'),
(49, 28, 24, '2012-03-06', 4.6, 'Engrossing and beautifully shot.'),
(50, 23, 36, '2016-07-31', 1.2, 'Could not connect with the story.'),
(51, 2, 16, '2011-06-27', 2.7, 'Some enjoyable scenes but uneven overall.'),
(52, 9, 6, '2001-06-15', 1.3, 'Disappointing from start to finish.'),
(53, 29, 9, '2022-09-02', 3.1, 'Good but lacked depth.'),
(54, 36, 3, '2013-10-23', 4.1, 'Strong performances and gripping plot.'),
(55, 13, 5, '2013-04-11', 2.2, 'Mediocre with a few good moments.'),
(56, 38, 36, '2003-07-19', 0.8, 'Did not meet my expectations.'),
(57, 28, 19, '2011-12-17', 0.1, 'Almost unbearable to watch.'),
(58, 37, 40, '2001-04-06', 2.4, 'Could be better, but not the worst.'),
(59, 19, 22, '2003-01-16', 1.9, 'Disappointing and slow.'),
(60, 31, 12, '2010-07-05', 1.1, 'Lacked energy and engagement.'),
(61, 13, 2, '2002-11-20', 0.2, 'Extremely dull and forgettable.'),
(62, 40, 3, '2011-04-03', 2.4, 'Some good parts but overall weak.'),
(63, 6, 4, '2006-01-18', 1.4, 'Failed to impress with its story.'),
(64, 6, 11, '2020-10-04', 3.3, 'Engaging enough to keep watching.'),
(65, 24, 36, '2017-08-22', 1.1, 'Not my cup of tea.');

INSERT INTO comments (commentId, writtenrevId, userId, createdAt, content)
VALUES
(1, 10, 30, '2009-01-04', 'I agree with this review.'),
(2, 50, 8, '2015-12-07', 'Not sure I felt the same way.'),
(3, 53, 8, '2005-11-25', 'Could have been better.'),
(4, 61, 3, '2016-07-26', 'Interesting perspective.'),
(5, 5, 23, '2018-11-01', 'Well said!'),
(6, 16, 17, '2008-10-15', 'I enjoyed the soundtrack.'),
(7, 12, 3, '2010-03-15', 'Could use more character depth.'),
(8, 56, 22, '2019-08-20', 'Visual effects were impressive.'),
(9, 27, 21, '2021-01-05', 'Plot was a bit predictable.'),
(10, 12, 3, '2003-06-25', 'Loved the cinematography.'),
(11, 43, 13, '2002-09-21', 'Not my favorite, but okay.'),
(12, 59, 36, '2021-12-31', 'This show deserves more attention.'),
(13, 4, 37, '2003-07-14', 'Couldn’t finish the first episode.'),
(14, 18, 32, '2008-05-17', 'Great dialogue writing!'),
(15, 18, 13, '2007-10-31', 'The pacing was off for me.'),
(16, 51, 32, '2009-05-26', 'I liked the main character.'),
(17, 19, 21, '2013-02-11', 'Some scenes felt rushed.'),
(18, 21, 12, '2009-04-25', 'I expected more from this show.'),
(19, 19, 12, '2006-07-27', 'Not bad but not great either.'),
(20, 32, 15, '2003-08-22', 'The soundtrack stood out.'),
(21, 16, 30, '2011-07-29', 'Enjoyed the twist ending.'),
(22, 23, 16, '2009-02-02', 'Supporting cast was strong.'),
(23, 61, 27, '2004-02-16', 'Boring in parts but overall okay.'),
(24, 9, 4, '2015-10-11', 'Could watch it again.'),
(25, 10, 11, '2010-08-27', 'Not really my style.'),
(26, 8, 15, '2009-11-29', 'I liked the humor.'),
(27, 41, 22, '2007-10-05', 'Solid performance by lead actor.'),
(28, 32, 37, '2008-06-03', 'Somewhat overrated in my opinion.'),
(29, 52, 4, '2015-10-06', 'Interesting but flawed.'),
(30, 64, 24, '2022-01-19', 'Good enough for a one-time watch.'),
(31, 45, 28, '2007-08-14', 'Loved the cinematography.'),
(32, 61, 7, '2009-02-26', 'The story was confusing.'),
(33, 43, 22, '2000-04-23', 'Average at best.'),
(34, 49, 19, '2006-06-06', 'Loved the soundtrack.'),
(35, 33, 34, '2012-10-15', 'Some parts were slow.'),
(36, 13, 27, '2014-05-18', 'Well-written script.'),
(37, 11, 36, '2019-12-13', 'Could use more action scenes.'),
(38, 26, 19, '2008-12-02', 'Really enjoyed the setting.'),
(39, 37, 6, '2018-04-29', 'Acting was decent.'),
(40, 47, 21, '2017-03-10', 'Not what I expected.'),
(41, 15, 7, '2000-12-02', 'Classic story, timeless.'),
(42, 36, 12, '2015-04-14', 'Good, but pacing was slow.'),
(43, 43, 30, '2009-09-21', 'Plot twist was unexpected.'),
(44, 44, 6, '2009-03-12', 'Nice visuals overall.'),
(45, 55, 24, '2007-05-11', 'Great supporting characters.'),
(46, 4, 18, '2009-03-16', 'Could be better written.'),
(47, 7, 14, '2021-08-04', 'Funny at times.'),
(48, 25, 12, '2018-06-21', 'Loved the soundtrack.'),
(49, 33, 8, '2012-03-24', 'Not very engaging.'),
(50, 43, 3, '2020-03-15', 'Great for binge watching.'),
(51, 49, 13, '2011-09-26', 'Couldn’t get into it.'),
(52, 54, 15, '2011-03-24', 'I recommend this to friends.'),
(53, 20, 2, '2009-09-05', 'Okay, but forgettable.'),
(54, 57, 35, '2019-11-04', 'Had some good moments.'),
(55, 5, 19, '2014-09-10', 'Not my type of show.'),
(56, 15, 27, '2001-11-14', 'Liked the character arcs.'),
(57, 7, 22, '2001-07-17', 'Too slow for my taste.'),
(58, 61, 18, '2006-01-10', 'Uninspired plot.'),
(59, 51, 4, '2015-12-03', 'Decent but nothing special.'),
(60, 17, 32, '2007-05-29', 'Loved the soundtrack.'),
(61, 58, 38, '2017-07-01', 'Well directed overall.'),
(62, 23, 22, '2004-09-20', 'Could watch it again.'),
(63, 32, 20, '2016-12-26', 'Enjoyed the main character.'),
(64, 57, 11, '2018-07-31', 'Plot had some holes.'),
(65, 51, 35, '2020-10-03', 'Enjoyed it more than expected.');

INSERT INTO favorites (userId, showId) VALUES
(1, 36),
(2, 11),
(3, 3),
(4, 17),
(5, 33),
(6, 13),
(7, 17),
(8, 31),
(9, 24),
(10, 18),
(11, 13),
(12, 9),
(13, 35),
(14, 17),
(15, 38),
(16, 22),
(17, 40),
(18, 21),
(19, 39),
(20, 5),
(21, 15),
(22, 2),
(23, 25),
(24, 23),
(25, 1),
(26, 28),
(27, 18),
(28, 14),
(29, 5),
(30, 20),
(31, 11),
(32, 21),
(33, 12),
(34, 29),
(35, 36),
(36, 35),
(37, 14),
(38, 17),
(39, 24),
(40, 1);

INSERT INTO watchlist (toWatchId, userId, createdAt, name, showId) VALUES
(1, 11, '2021-12-28', 'The Wire', 21),
(2, 6, '2022-05-13', 'Vikings', 40),
(3, 10, '2017-07-16', 'Westworld', 13),
(4, 26, '2018-11-21', 'Mindhunter', 35),
(5, 36, '2016-08-15', 'Sherlock', 9),
(6, 5, '2019-12-10', 'Breaking Bad', 1),
(7, 14, '2017-10-31', 'The Office', 14),
(8, 12, '2019-12-14', 'Ozark', 33),
(9, 1, '2022-02-01', 'House of Cards', 20),
(10, 19, '2020-08-08', 'Westworld', 13),
(11, 17, '2022-12-17', 'True Detective', 22),
(12, 4, '2020-08-02', 'Dexter', 25),
(13, 36, '2022-12-13', 'The Witcher', 8),
(14, 6, '2022-06-29', 'Breaking Bad', 1),
(15, 7, '2017-07-10', 'Sherlock', 9),
(16, 2, '2019-10-15', 'The Crown', 6),
(17, 30, '2020-02-02', 'Game of Thrones', 3),
(18, 26, '2017-02-19', 'The Mandalorian', 4),
(19, 31, '2019-11-26', 'Homeland', 36),
(20, 17, '2017-12-29', 'The Witcher', 8),
(21, 31, '2019-03-09', 'Game of Thrones', 3),
(22, 2, '2018-05-19', 'Fargo', 28),
(23, 3, '2018-12-10', 'House of Cards', 20),
(24, 16, '2017-10-16', 'House', 37),
(25, 1, '2017-09-23', 'The Wire', 24),
(26, 31, '2018-12-02', 'Narcos', 15),
(27, 32, '2020-10-24', 'Stranger Things', 2),
(28, 30, '2017-05-20', 'Friends', 5),
(29, 35, '2019-11-02', 'Westworld', 13),
(30, 35, '2016-12-28', 'Breaking Bad', 1),
(31, 10, '2021-04-16', 'House of Cards', 20),
(32, 2, '2019-10-24', 'The Leftovers', 38),
(33, 30, '2018-04-26', 'The Wire', 24),
(34, 25, '2022-06-07', 'Homeland', 36),
(35, 22, '2017-09-28', 'True Detective', 27),
(36, 29, '2016-01-23', 'Better Call Saul', 18),
(37, 19, '2018-09-17', 'Peaky Blinders', 31),
(38, 31, '2017-08-02', 'Black Mirror', 17),
(39, 20, '2020-06-04', 'True Detective', 27),
(40, 32, '2021-08-04', 'Lost', 23),
(41, 17, '2018-01-23', 'Sherlock', 9),
(42, 37, '2020-05-29', 'Dexter', 25),
(43, 23, '2021-11-07', 'The Mandalorian', 4),
(44, 37, '2021-08-18', 'Stranger Things', 2),
(45, 27, '2018-05-25', 'The Wire', 24),
(46, 18, '2016-04-11', 'Breaking Bad', 1),
(47, 28, '2016-09-14', 'Vikings', 40),
(48, 5, '2021-05-23', 'House of Cards', 20),
(49, 5, '2021-05-30', 'Breaking Bad', 1),
(50, 12, '2022-01-27', 'Peaky Blinders', 31),
(51, 40, '2016-10-08', 'True Detective', 22),
(52, 37, '2021-07-13', 'Ozark', 33),
(53, 21, '2017-02-24', 'Westworld', 13),
(54, 33, '2018-12-26', 'Peaky Blinders', 31),
(55, 24, '2019-01-19', 'House', 37),
(56, 18, '2018-09-06', 'Black Mirror', 17),
(57, 36, '2016-05-01', 'Fargo', 28),
(58, 8, '2017-08-17', 'House of Cards', 20),
(59, 35, '2018-05-18', 'Stranger Things', 2),
(60, 29, '2019-03-31', 'Peaky Blinders', 31),
(61, 20, '2021-12-30', 'True Detective', 22),
(62, 32, '2021-06-02', 'The Witcher', 8),
(63, 25, '2018-04-12', 'The Wire', 13),
(64, 23, '2019-01-27', 'True Detective', 27),
(65, 30, '2019-05-20', 'Breaking Bad', 1);

INSERT INTO userFeedback (feedbackId, title, content, createdAt, userId)
VALUES
(1, 'Captivating', 'Breaking Bad’s storytelling is top-notch.', '2022-01-15', 12),
(2, 'Addictive', 'Stranger Things blends nostalgia and suspense perfectly.', '2023-03-10', 25),
(3, 'Chilling', 'Black Mirror’s concepts are both fascinating and disturbing.', '2021-10-05', 30),
(4, 'Hilarious', 'The Office has the best comedic timing.', '2020-07-22', 17),
(5, 'Epic', 'Game of Thrones has breathtaking scenes despite the ending.', '2019-06-18', 8),
(6, 'Heartwarming', 'Ted Lasso spreads so much positivity and hope.', '2023-05-01', 32),
(7, 'Thrilling', 'Ozark keeps me on the edge of my seat.', '2022-08-13', 33),
(8, 'Timeless', 'Friends remains a comfort watch after all these years.', '2021-04-27', 19),
(9, 'Masterful', 'Better Call Saul expands the Breaking Bad universe wonderfully.', '2023-07-30', 29),
(10, 'Intense', 'Mindhunter’s psychological drama is gripping.', '2022-11-05', 14),
(11, 'Smart', 'Westworld challenges perceptions with its complex plot.', '2021-12-15', 16),
(12, 'Innovative', 'The Mandalorian revitalizes Star Wars brilliantly.', '2023-02-28', 22),
(13, 'Suspenseful', 'True Detective’s first season is unforgettable.', '2020-09-11', 11),
(14, 'Funny', 'Parks and Recreation has so many lovable characters.', '2019-08-23', 18),
(15, 'Dark', 'The Crown offers a fascinating look into royalty.', '2022-03-17', 27),
(16, 'Emotional', 'This Is Us always pulls at my heartstrings.', '2023-06-01', 35),
(17, 'Intriguing', 'Sherlock’s modern take is brilliant.', '2021-05-30', 21),
(18, 'Action-packed', 'The Witcher mixes fantasy and action flawlessly.', '2022-07-09', 13),
(19, 'Insightful', 'The Handmaid’s Tale is a powerful dystopian story.', '2020-10-14', 26),
(20, 'Lighthearted', 'Brooklyn Nine-Nine is perfect for a good laugh.', '2023-04-18', 9),
(21, 'Gripping', 'Narcos tells a compelling story about drug cartels.', '2019-09-05', 24),
(22, 'Stylish', 'Fargo’s storytelling is unique and well-crafted.', '2022-01-28', 15),
(23, 'Thoughtful', 'Mad Men offers deep character studies.', '2021-11-12', 20),
(24, 'Suspense', 'Lost keeps you guessing until the end.', '2020-06-19', 7),
(25, 'Innovative', 'Mr. Robot explores hacking and society in a unique way.', '2023-01-21', 28),
(26, 'Engaging', 'House of Cards delivers political drama expertly.', '2022-05-02', 31),
(27, 'Heartfelt', 'Gilmore Girls combines humor and family dynamics well.', '2021-03-14', 34),
(28, 'Adventurous', 'Stranger Things has great 80s vibes and mystery.', '2020-12-10', 12),
(29, 'Captivating', 'The Boys reinvents superhero stories with dark humor.', '2023-07-04', 40),
(30, 'Suspenseful', 'Dexter’s moral complexity is fascinating.', '2022-02-27', 10),
(31, 'Inspirational', 'Friday Night Lights shows real passion and grit.', '2021-06-23', 23),
(32, 'Darkly comedic', 'BoJack Horseman blends humor with serious themes.', '2023-03-29', 38),
(33, 'Powerful', 'Chernobyl is intense and meticulously made.', '2022-09-15', 36),
(34, 'Exciting', 'The Expanse offers fantastic sci-fi worldbuilding.', '2021-08-07', 39),
(35, 'Emotional', '13 Reasons Why handles tough subjects sensitively.', '2020-04-01', 4),
(36, 'Captivating', 'Better Call Saul’s slow burn is rewarding.', '2023-05-22', 29),
(37, 'Dark', 'True Blood mixes horror and drama well.', '2019-11-18', 6),
(38, 'Innovative', 'Black Mirror’s standalone episodes are creative.', '2022-06-28', 30),
(39, 'Funny', 'Arrested Development has sharp, clever humor.', '2021-01-15', 19),
(40, 'Engrossing', 'Mindhunter’s interviews are chilling and well acted.', '2023-08-10', 14),
(41, 'Compelling', 'The Leftovers explores grief in a unique way.', '2022-03-03', 8),
(42, 'Funny', 'Community offers clever meta-humor.', '2021-07-19', 27),
(43, 'Dark', 'True Detective season 3 is atmospheric and intense.', '2020-11-21', 13),
(44, 'Heartwarming', 'Anne with an E beautifully adapts the classic story.', '2023-04-11', 35),
(45, 'Suspenseful', 'Homeland’s early seasons are full of tension.', '2019-05-15', 24),
(46, 'Exciting', 'Arrow kickstarted the modern superhero TV trend.', '2021-10-09', 22),
(47, 'Creative', 'Rick and Morty blends sci-fi with humor brilliantly.', '2022-08-24', 16),
(48, 'Engaging', 'Lost in Space is a fresh take on space exploration.', '2023-01-29', 9),
(49, 'Emotional', 'The Good Place explores philosophy with heart.', '2020-12-16', 21),
(50, 'Dark', 'Dexter’s finale was controversial but memorable.', '2019-09-28', 10),
(51, 'Addictive', 'The Umbrella Academy has unique characters and style.', '2023-05-18', 39),
(52, 'Thoughtful', 'Fleabag breaks the fourth wall brilliantly.', '2022-06-09', 30),
(53, 'Intense', 'Peaky Blinders combines history with crime drama.', '2021-11-22', 34),
(54, 'Funny', 'Schitt’s Creek grew into a beloved comedy.', '2023-07-19', 37),
(55, 'Inspirational', 'The Crown’s acting is superb.', '2022-02-13', 25),
(56, 'Emotional', 'This Is Us season 3 was very touching.', '2021-03-06', 38),
(57, 'Thrilling', '13 Reasons Why stirred important conversations.', '2020-08-30', 4),
(58, 'Suspenseful', 'Manifest keeps you hooked with mysteries.', '2023-06-25', 15),
(59, 'Engaging', 'The Walking Dead explores survival well.', '2021-01-10', 28),
(60, 'Chilling', 'The Haunting of Hill House is atmospheric and scary.', '2019-10-29', 17),
(61, 'Funny', 'Brooklyn Nine-Nine’s humor is light and clever.', '2022-04-05', 12),
(62, 'Emotional', 'The Leftovers remains thought-provoking.', '2023-08-01', 33),
(63, 'Dark', 'True Blood blends vampires with drama effectively.', '2021-06-12', 6),
(64, 'Innovative', 'Black Mirror’s stories always surprise.', '2022-01-17', 30),
(65, 'Engaging', 'Stranger Things has grown into a cultural phenomenon.', '2023-07-08', 25);

INSERT INTO directors (directorId, firstName, lastName, filmsMade, bio, socialMedia, showId) VALUES
(1, 'Steven', 'Spielberg', 33, 'Legendary director known for blockbuster classics and storytelling mastery.', '@stevenspielberg', 12),
(2, 'Martin', 'Scorsese', 25, 'Renowned for gritty crime dramas and unforgettable characters.', '@martinscorsese', 37),
(3, 'Quentin', 'Tarantino', 10, 'Known for stylized violence, sharp dialogue, and nonlinear storytelling.', '@quentintarantino', 8),
(4, 'Alfred', 'Hitchcock', 50, 'The master of suspense and psychological thrillers.', '@alfredhitchcock', 25),
(5, 'Christopher', 'Nolan', 12, 'Famous for complex narratives and stunning visuals.', '@christophernolan', 31),
(6, 'Kathryn', 'Bigelow', 9, 'Acclaimed for intense dramas and action films.', '@kathrynbigelow', 4),
(7, 'James', 'Cameron', 15, 'Director behind groundbreaking visual effects and epic blockbusters.', '@jamescameron', 18),
(8, 'Sofia', 'Coppola', 8, 'Known for introspective, atmospheric films about youth and identity.', '@sofiacoppola', 39),
(9, 'Francis', 'Coppola', 14, 'Creator of iconic classics with deep emotional resonance.', '@franciscoppola', 27),
(10, 'Ridley', 'Scott', 22, 'Pioneer of sci-fi and historical epics with immersive worlds.', '@ridleyscott', 14),
(11, 'Stanley', 'Kubrick', 13, 'Master of precise visuals and dark, philosophical themes.', '@stanleykubrick', 20),
(12, 'Greta', 'Gerwig', 7, 'Emerging voice known for heartfelt, contemporary storytelling.', '@gretagerwig', 3),
(13, 'Wes', 'Anderson', 12, 'Distinctive style featuring quirky characters and symmetrical visuals.', '@wesanderson', 9),
(14, 'Peter', 'Jackson', 14, 'Epic fantasy filmmaker famous for The Lord of the Rings trilogy.', '@peterjackson', 32),
(15, 'Clint', 'Eastwood', 30, 'Versatile director and actor with a legacy of classic American cinema.', '@clinteastwood', 15),
(16, 'Tim', 'Burton', 20, 'Known for gothic, whimsical, and surreal films.', '@timburton', 6),
(17, 'David', 'Fincher', 12, 'Crafts dark, stylish thrillers with meticulous detail.', '@davidfincher', 35),
(18, 'Guillermo', 'del Toro', 16, 'Blends fantasy and horror with rich visual storytelling.', '@guillermodeltoro', 1),
(19, 'Spike', 'Lee', 18, 'Noted for provocative films addressing race and social issues.', '@spikelee', 21),
(20, 'Richard', 'Linklater', 20, 'Famous for naturalistic dialogue and innovative narratives.', '@richardlinklater', 22),
(21, 'Joel', 'Coen', 15, 'One half of the Coen brothers known for dark comedies and crime films.', '@joelcoen', 28),
(22, 'Ethan', 'Coen', 15, 'Co-director with Joel, acclaimed for inventive and genre-bending movies.', '@ethancoen', 11),
(23, 'Paul', 'Thomas Anderson', 12, 'Known for complex characters and rich storytelling.', '@paulthomasanderson', 19),
(24, 'Spike', 'Jonze', 10, 'Known for inventive, quirky films blending humor and emotion.', '@spikejonze', 36),
(25, 'Ang', 'Lee', 20, 'Versatile director across genres with a poetic touch.', '@anglee', 7),
(26, 'Jean-Luc', 'Godard', 40, 'Influential figure in French New Wave cinema.', '@jeanlucgodard', 13),
(27, 'Michael', 'Bay', 12, 'Director of explosive, high-energy action blockbusters.', '@michaelbay', 26),
(28, 'David', 'Lynch', 15, 'Master of surreal, unsettling, and dreamlike cinema.', '@davidlynch', 34),
(29, 'Mel', 'Gibson', 13, 'Known for historical epics and intense dramas.', '@melgibson', 2),
(30, 'Baz', 'Luhrmann', 9, 'Famous for flamboyant, vibrant musical films.', '@bazluhrmann', 24),
(31, 'Danny', 'Boyle', 15, 'Known for energetic, visually creative storytelling.', '@dannyboyle', 38),
(32, 'Richard', 'Curtis', 10, 'Renowned for heartfelt romantic comedies.', '@richardcurtis', 10),
(33, 'Todd', 'Haynes', 11, 'Innovative director exploring identity and culture.', '@toddhaynes', 23),
(34, 'Zhang', 'Yimou', 20, 'Chinese director celebrated for visually stunning historical films.', '@zhangyimou', 17),
(35, 'Mira', 'Nair', 15, 'Known for culturally rich and socially conscious films.', '@miranair', 5),
(36, 'John', 'Hughes', 18, 'Iconic filmmaker of classic 80s teen comedies.', '@johnhughes', 30),
(37, 'Sergio', 'Leone', 10, 'Master of the Spaghetti Western genre.', '@sergioleone', 16),
(38, 'Frank', 'Darabont', 8, 'Known for dramatic adaptations and powerful storytelling.', '@frankdarabont', 37),
(39, 'David', 'O. Russell', 10, 'Acclaimed for quirky, character-driven dramas.', '@davidorussell', 29),
(40, 'Jean-Pierre', 'Jeunet', 12, 'Famous for whimsical and imaginative French cinema.', '@jeanpierrejeunet', 20);

INSERT INTO watches (watchId, watchDate, showId, userId) VALUES
(1, '2016-04-25', 37, 6),
(2, '2019-10-07', 39, 26),
(3, '2017-12-09', 15, 40),
(4, '2017-01-24', 22, 21),
(5, '2017-09-17', 10, 20),
(6, '2022-07-09', 3, 23),
(7, '2020-10-01', 12, 13),
(8, '2021-03-16', 5, 9),
(9, '2019-02-24', 9, 29),
(10, '2019-04-02', 23, 1),
(11, '2022-10-31', 27, 31),
(12, '2022-10-28', 5, 38),
(13, '2018-06-22', 24, 9),
(14, '2016-01-09', 2, 21),
(15, '2018-11-03', 13, 23),
(16, '2019-09-23', 6, 34),
(17, '2016-12-20', 33, 25),
(18, '2020-10-13', 26, 12),
(19, '2021-04-12', 29, 24),
(20, '2018-02-10', 30, 16),
(21, '2020-01-27', 20, 29),
(22, '2021-01-12', 36, 1),
(23, '2018-02-13', 19, 28),
(24, '2022-11-22', 4, 17),
(25, '2016-09-25', 19, 29),
(26, '2021-04-28', 12, 4),
(27, '2019-12-27', 6, 36),
(28, '2018-07-06', 26, 5),
(29, '2016-03-06', 17, 25),
(30, '2017-04-30', 40, 1),
(31, '2018-11-08', 1, 39),
(32, '2020-06-03', 32, 39),
(33, '2019-11-22', 40, 27),
(34, '2020-11-21', 17, 26),
(35, '2019-11-03', 36, 25),
(36, '2020-12-25', 32, 8),
(37, '2022-08-07', 22, 10),
(38, '2021-04-26', 26, 8),
(39, '2018-02-02', 16, 32),
(40, '2019-09-17', 13, 15),
(41, '2022-05-19', 32, 40),
(42, '2018-11-25', 39, 17),
(43, '2016-07-24', 17, 26),
(44, '2016-01-09', 33, 38),
(45, '2016-01-13', 34, 40),
(46, '2017-01-04', 25, 10),
(47, '2021-09-20', 1, 25),
(48, '2018-12-02', 30, 34),
(49, '2022-07-05', 32, 34),
(50, '2018-09-27', 25, 38),
(51, '2017-05-12', 22, 30),
(52, '2021-11-05', 14, 17),
(53, '2016-04-25', 19, 17),
(54, '2017-03-12', 27, 32),
(55, '2016-03-19', 25, 27),
(56, '2018-12-25', 38, 22),
(57, '2017-03-13', 13, 26),
(58, '2016-06-07', 12, 16),
(59, '2016-05-16', 17, 2),
(60, '2016-01-05', 30, 17),
(61, '2020-12-17', 40, 23),
(62, '2016-12-09', 30, 11),
(63, '2021-09-01', 35, 38),
(64, '2017-03-01', 9, 19),
(65, '2016-06-10', 27, 18);

INSERT INTO forum (forumId, topic, content, name) VALUES
(1, 'Best Sci-Fi Movies', 'Let’s share our favorite science fiction films and why we love them.', 'Alex Carter'),
(2, 'Gardening Tips', 'How do you keep tomatoes from splitting during the summer heat?', 'Linda Shaw'),
(3, 'Beginner Coding Projects', 'What’s the best first project for someone learning Python?', 'Mark Diaz'),
(4, 'Travel on a Budget', 'Share your best hacks for exploring the world without breaking the bank.', 'Sophie Turner'),
(5, 'Healthy Meal Prep', 'Looking for easy Sunday meal prep recipes for the week.', 'James Miller'),
(6, 'Photography Basics', 'What are the top 3 beginner mistakes in DSLR photography?', 'Nina Blake'),
(7, 'Book Recommendations', 'What are your must-read novels of the last decade?', 'Oliver Hughes'),
(8, 'Home Coffee Brewing', 'Best affordable espresso machine under $200?', 'Sara Kim'),
(9, 'Fitness Motivation', 'How do you stay consistent with workouts during winter?', 'Daniel Brooks'),
(10, 'DIY Furniture', 'Show off your homemade tables, chairs, and shelves!', 'Karen Mitchell'),
(11, 'Favorite Podcasts', 'Looking for new podcasts — any genre welcome.', 'Ethan Lee'),
(12, 'Urban Gardening', 'Best plants for small apartment balconies?', 'Priya Patel'),
(13, 'Classic Rock Discussion', 'Which rock album had the biggest cultural impact?', 'Michael Scott'),
(14, 'Board Game Nights', 'What games work best for groups of 6+ players?', 'Jessica Wang'),
(15, 'Pet Care Q&A', 'Tips for introducing a kitten to an older dog.', 'Sam Carter'),
(16, 'Minimalist Living', 'What’s the hardest part about downsizing?', 'Laura Adams'),
(17, 'Local Hiking Trails', 'Hidden gems in the Pacific Northwest?', 'Tom Richards'),
(18, 'Home Networking', 'Best budget router for streaming and gaming?', 'Brian Lopez'),
(19, 'Language Learning', 'Effective daily habits for mastering a new language.', 'Angela Torres'),
(20, 'Cooking for One', 'How to avoid wasting ingredients when cooking solo.', 'David Chen'),
(21, 'Retro Gaming', 'Your favorite console from the 80s or 90s?', 'Megan Bryant'),
(22, 'Car Maintenance', 'Signs your brakes need replacing.', 'Chris Nolan'),
(23, 'Mindfulness & Meditation', 'Best apps for guided meditation?', 'Rachel Kim'),
(24, 'Camping Essentials', 'What’s the one thing you always pack for camping?', 'Jordan Scott'),
(25, 'Movie Soundtracks', 'Which soundtrack enhances its movie the most?', 'Holly Evans'),
(26, 'Home Brewing Beer', 'Beginner tips for brewing IPA at home.', 'Kevin O’Neill'),
(27, 'Astronomy Lovers', 'Best telescopes for stargazing on a budget.', 'Liam Parker'),
(28, 'Photography Editing', 'Lightroom presets vs manual editing — thoughts?', 'Samantha Brooks'),
(29, 'Fantasy Football', 'Your sleeper picks for this season?', 'Ryan Kelly'),
(30, 'Baking Bread', 'Why does my sourdough turn out dense?', 'Julia Green'),
(31, 'Music Production', 'Affordable DAWs for beginners?', 'Tyler James'),
(32, 'Historical Documentaries', 'Recommendations for well-researched history docs.', 'Emma White'),
(33, 'Bike Commuting', 'Best gear for year-round biking in the city.', 'Oscar Martinez'),
(34, 'Parenting Toddlers', 'Creative indoor activities during rainy days.', 'Molly Carter'),
(35, 'Creative Writing', 'Prompts that helped you overcome writer’s block.', 'Peter Hall'),
(36, 'Smart Home Devices', 'Are smart light bulbs worth the price?', 'Hannah Moore'),
(37, 'Sustainable Living', 'How to reduce single-use plastics at home.', 'Lucas King'),
(38, 'Job Interview Tips', 'What’s the trickiest question you’ve been asked?', 'Grace Turner'),
(39, 'Local Food Finds', 'Hidden restaurant gems in your town.', 'Isabella Reed'),
(40, 'Gaming Setups', 'Show off your gaming desk and accessories!', 'Noah Peterson');

INSERT INTO genre (genreId, title)
VALUES
    (1, 'Comedy|Drama'),
    (2, 'Action|Thriller'),
    (3, 'Drama|Thriller'),
    (4, 'Documentary'),
    (5, 'Comedy'),
    (6, 'Comedy|Drama|Romance'),
    (7, 'Drama|Romance'),
    (8, 'Horror'),
    (9, 'Adventure|Animation'),
    (10, 'Comedy|Horror'),
    (11, 'Drama|Mystery'),
    (12, 'Crime|Drama|Thriller'),
    (13, 'Drama|Mystery'),
    (14, 'Action|Drama|War'),
    (15, 'Comedy'),
    (16, 'Children|Comedy'),
    (17, 'Horror'),
    (18, 'Comedy|Drama'),
    (19, 'Comedy|Horror'),
    (20, 'Drama'),
    (21, 'Drama|Western'),
    (22, 'Comedy|Romance'),
    (23, 'Action|Drama'),
    (24, 'Sci-Fi|Thriller'),
    (25, 'Documentary'),
    (26, 'Comedy'),
    (27, 'Comedy'),
    (28, 'Drama|Thriller'),
    (29, 'Adventure|Animation|Horror|Sci-Fi|Thriller'),
    (30, 'Documentary'),
    (31, 'Action|Adventure|Drama|War'),
    (32, 'Documentary'),
    (33, 'Drama'),
    (34, 'Comedy|Fantasy'),
    (35, 'Comedy'),
    (36, 'Action|Horror'),
    (37, 'Documentary'),
    (38, 'Comedy|Drama'),
    (39, 'Crime|Drama|Romance'),
    (40, 'Adventure|Fantasy');

INSERT INTO articles (articleID, title, createdAt, rating, content, directorID) VALUES
(1, 'Opening Night', '2000-03-10', 5.0, 'The curtains rise to a stunning display of emotion and artistry.', 15),
(2, 'Backstage Whispers', '2015-06-14', 3.8, 'Secrets and stories unfold behind the scenes of the grand performance.', 15),
(3, 'The Leading Role', '2013-07-27', 2.7, 'A young actor’s struggle to find their place in the spotlight.', 24),
(4, 'Final Rehearsal', '2015-07-15', 2.5, 'Tensions run high as the cast prepares for the big night.', 6),
(5, 'Starlit Masquerade', '2010-10-15', 1.7, 'A mysterious evening where identities blur and passions ignite.', 27),
(6, 'Carmen’s Encore', '2013-03-14', 3.7, 'An unforgettable performance filled with passion and drama.', 30),
(7, 'Road to the Stage', '2019-09-21', 4.4, 'The journey of an aspiring performer chasing their dreams.', 10),
(8, 'The Spectacular Show', '2022-04-28', 3.2, 'A dazzling production that captivates every audience member.', 16),
(9, 'The Tragic Tale', '2009-08-18', 2.4, 'A story of love and loss played out on a grand stage.', 33),
(10, 'Those Who Applaud', '2019-05-13', 1.5, 'A heartfelt drama about the bond between actors and their fans.', 11),
(11, 'Must See Drama', '2011-05-28', 3.1, 'A compelling narrative that keeps viewers on the edge of their seats.', 15),
(12, 'The Last Act', '2019-03-06', 3.8, 'When the final scene changes everything.', 19),
(13, 'Roseanna’s Legacy', '2011-10-27', 1.0, 'A haunting play about love, memory, and sacrifice.', 34),
(14, 'Eternal Flame', '2010-01-09', 1.4, 'A tale of undying passion and the cost of fame.', 2),
(15, 'The Clockmaker’s Play', '2013-06-03', 3.8, 'Time weaves its story in this intricate drama.', 22),
(16, 'Midnight Drive', '2012-07-20', 0.0, 'A suspenseful tale unfolding under the cover of darkness.', 3),
(17, 'The Last Laugh', '2015-09-12', 3.2, 'Dark comedy meets tragedy in this unforgettable show.', 23),
(18, 'Love and Loss', '2009-07-24', 2.7, 'Exploring the complexities of human relationships.', 33),
(19, 'What If?', '2007-05-23', 2.1, 'An imaginative story exploring alternate realities.', 6),
(20, 'The Silent Assassin', '2004-11-03', 2.6, 'A thrilling tale of mystery and intrigue.', 18),
(21, 'Play Misty', '2003-02-19', 4.8, 'A gripping story of obsession and passion.', 14),
(22, 'Return to Stage', '2021-12-09', 4.6, 'A triumphant comeback for a beloved troupe.', 3),
(23, 'Spetters: The Play', '2012-01-02', 2.3, 'Young dreams collide in a fast-paced drama.', 32),
(24, 'Salem Nights', '2000-08-16', 2.4, 'Mystery and suspense engulf this historic tale.', 18),
(25, 'Dark Shadows', '2008-12-23', 4.1, 'A haunting story filled with secrets and shadows.', 21),
(26, 'Shadow Fist', '2020-02-19', 4.0, 'An action-packed drama filled with tension and power.', 23),
(27, 'The People’s Stage', '2009-05-13', 2.3, 'A social commentary performed with passion.', 6),
(28, 'Happy Endings', '2001-01-23', 1.1, 'A bittersweet tale about the pursuit of happiness.', 35),
(29, 'Thrill Ride', '2014-06-11', 4.0, 'A fast-moving spectacle that thrills and excites.', 34),
(30, 'Possessed', '2007-03-31', 1.3, 'Dark forces collide in this supernatural drama.', 6),
(31, 'Stevie’s Story', '2017-12-09', 1.4, 'A heartfelt narrative about overcoming obstacles.', 7),
(32, 'Untamed Youth', '2015-10-31', 2.3, 'Rebellion and freedom in a coming-of-age tale.', 37),
(33, 'Trust', '2007-06-27', 3.1, 'The fragile bonds that hold us together.', 13),
(34, 'Meeting the Devil', '2008-11-30', 0.3, 'A dark comedy exploring morality and choice.', 21),
(35, 'Social Club Nights', '2001-06-02', 0.8, 'A nostalgic look at friendships and faded glory.', 11),
(36, 'City of Sylvia', '2003-10-27', 3.5, 'A poetic exploration of love and loss.', 23),
(37, 'Family Game', '2007-08-21', 4.5, 'A comedy about the chaos and love of family.', 32),
(38, 'Long Weekend', '2000-12-07', 3.6, 'A suspense-filled drama about unexpected events.', 37),
(39, 'Talking Too Much', '2009-07-11', 3.8, 'A witty play about communication and misunderstandings.', 4),
(40, 'Cat from Outer Space', '2012-05-10', 4.9, 'A fantastical tale of friendship and discovery.', 38);

INSERT INTO actors (actorID, lastName, firstName, bio, socialMedia) VALUES
(1, 'DiCaprio', 'Leonardo', 'Oscar-winning actor known for his versatile roles in drama and thriller films.', '@leonardodicaprio'),
(2, 'Johansson', 'Scarlett', 'Acclaimed actress recognized for her work in both action and indie films.', '@scarlettjohansson'),
(3, 'Pitt', 'Brad', 'Hollywood icon famous for his charismatic performances and humanitarian work.', '@bradpittofficial'),
(4, 'Stone', 'Emma', 'Versatile actress celebrated for her performances in both comedy and drama.', '@emmastone'),
(5, 'Hanks', 'Tom', 'Beloved actor known for his warm and relatable characters.', '@tomhanks'),
(6, 'Blanchett', 'Cate', 'Accomplished actress with a wide range of powerful roles.', '@cateblanchett'),
(7, 'Clooney', 'George', 'Actor and director famous for his charm and activism.', '@georgeclooney'),
(8, 'Theron', 'Charlize', 'Oscar-winning actress known for intense and transformative roles.', '@charlizetheron'),
(9, 'Washington', 'Denzel', 'Renowned actor with a commanding presence and diverse roles.', '@denzelwashington'),
(10, 'Roberts', 'Julia', 'Iconic actress known for her captivating performances and smile.', '@juliaroberts'),
(11, 'McConaughey', 'Matthew', 'Academy Award winner recognized for charismatic and deep roles.', '@matthewmcconaughey'),
(12, 'Winslet', 'Kate', 'Critically acclaimed actress known for dramatic and period roles.', '@katewinslet'),
(13, 'Bale', 'Christian', 'Dedicated actor famous for transformative physical roles.', '@christianbale'),
(14, 'Gadot', 'Gal', 'Known worldwide for her role as Wonder Woman.', '@gal_gadot'),
(15, 'Lawrence', 'Jennifer', 'Oscar-winning actress known for strong, complex characters.', '@jenniferlawrence'),
(16, 'Fassbender', 'Michael', 'Versatile actor known for intense and compelling roles.', '@michaelfassbender'),
(17, 'Diaz', 'Cameron', 'Actress known for her energetic performances in comedy and drama.', '@camerondiaz'),
(18, 'Elba', 'Idris', 'Actor and musician acclaimed for his charismatic screen presence.', '@idriselba'),
(19, 'Cotillard', 'Marion', 'French actress known for her captivating and nuanced roles.', '@marioncotillard'),
(20, 'Hoffman', 'Dustin', 'Late actor celebrated for his versatility and emotional depth.', '@dustinhoffman'),
(21, 'Page', 'Elliot', 'Actor recognized for groundbreaking roles and advocacy.', '@elliotpage'),
(22, 'Stone', 'Emma', 'Two-time Oscar winner known for her charm and wit.', '@emmastone'),
(23, 'Chalamet', 'Timothée', 'Young actor celebrated for his emotional depth and talent.', '@tchalamet'),
(24, 'Phoenix', 'Joaquin', 'Acclaimed for intense and transformative performances.', '@joaquinphoenix'),
(25, 'Bullock', 'Sandra', 'Beloved actress known for comedy and dramatic roles.', '@sandrabullock'),
(26, 'Ledger', 'Heath', 'Late actor known for his iconic role as the Joker.', '@heathledger'),
(27, 'Fisher', 'Carrie', 'Iconic actress best known for her role as Princess Leia.', '@carriefisher'),
(28, 'Depp', 'Johnny', 'Famous for eccentric and memorable character roles.', '@johnnydepp'),
(29, 'Hayek', 'Salma', 'Mexican actress and producer recognized internationally.', '@salmahayek'),
(30, 'Streep', 'Meryl', 'Legendary actress with a record number of Oscar nominations.', '@merylstreep'),
(31, 'Grant', 'Hugh', 'Actor known for charming and charismatic roles.', '@hughgrant'),
(32, 'Blunt', 'Emily', 'Versatile actress known for both dramatic and comedic roles.', '@emilyblunt'),
(33, 'Cooper', 'Bradley', 'Actor and filmmaker acclaimed for a wide range of roles.', '@bradleycooper'),
(34, 'Robinson', 'Zoe', 'Rising star known for bold and expressive performances.', '@zoerobinson'),
(35, 'Tomei', 'Marisa', 'Oscar-winning actress known for diverse and dynamic roles.', '@marisatomei'),
(36, 'Washington', 'Kerry', 'Award-winning actress recognized for powerful performances.', '@kerrywashington'),
(37, 'Jones', 'Tom', 'Welsh actor famous for roles in fantasy and drama.', '@tomjones'),
(38, 'Kidman', 'Nicole', 'Australian actress and producer known for intense roles.', '@nicolekidman'),
(39, 'Foxx', 'Jamie', 'Academy Award-winning actor known for versatility.', '@jamiefoxx'),
(40, 'Law', 'Jude', 'English actor known for dramatic and period pieces.', '@judelaw');

INSERT INTO featured_shows (actorId, featuredShows) VALUES
(18, 'Breaking Bad'),
(5, 'Game of Thrones'),
(18, 'Game of Thrones'),
(38, 'Breaking Bad'),
(30, 'Breaking Bad'),
(19, 'Game of Thrones'),
(13, 'Succession'),
(18, 'The Crown'),
(4, 'Breaking Bad'),
(15, 'Game of Thrones'),
(34, 'Breaking Bad'),
(36, 'The Crown'),
(38, 'The Crown'),
(38, 'Succession'),
(13, 'Breaking Bad'),
(31, 'Black Mirror'),
(40, 'Breaking Bad'),
(30, 'Stranger Things'),
(6, 'The Crown'),
(12, 'The Crown'),
(30, 'Game of Thrones'),
(17, 'Normal People'),
(35, 'Succession'),
(21, 'The Mandalorian'),
(32, 'South Park'),
(38, 'Severance'),
(20, 'The Mandalorian'),
(2, 'Breaking Bad'),
(39, 'Stranger Things'),
(35, 'The Crown'),
(25, 'The Mandalorian'),
(3, 'The Mandalorian'),
(31, 'Succession'),
(26, 'The White Lotus'),
(24, 'Dickinson'),
(27, 'The Crown'),
(2, 'Stranger Things'),
(2, 'The Crown'),
(1, 'Vanderpump Rules'),
(13, 'Daisy Jones and the Six'),
(9, 'The Mandalorian'),
(2, 'Game of Thrones'),
(9, 'Game of Thrones'),
(23, 'The Crown'),
(13, 'Dash & Lily'),
(18, 'Stranger Things'),
(3, 'Mr. Robot'),
(9, 'The Crown'),
(32, 'Its Always Sunny in Philadelphia'),
(6, 'Stranger Things'),
(6, 'The Mandalorian'),
(17, 'Stranger Things'),
(5, 'Vanderpump Rules'),
(39, 'Breaking Bad'),
(27, 'Breaking Bad'),
(8, 'The Crown'),
(4, 'The Mandalorian'),
(11, 'The Crown'),
(30, 'Succession'),
(34, 'Normal People'),
(39, 'Normal People'),
(32, 'Stranger Things'),
(13, 'Lab Rats'),
(31, 'Heartstopper'),
(38, 'Stranger Things'),
(13, 'Wednesday'),
(32, 'Wednesday'),
(5, 'Breaking Bad'),
(38, 'The Mandalorian'),
(9, 'Euphora'),
(20, 'Stranger Things'),
(9, 'Breaking Bad'),
(29, 'Game of Thrones'),
(3, 'The Queens Gambit'),
(36, 'Breaking Bad'),
(13, 'Good Luck Charlie'),
(10, 'Stranger Things'),
(26, 'The Simpsons'),
(16, 'The Crown'),
(18, 'The Mandalorian'),
(27, 'Game of Thrones'),
(39, 'The Summer I Turned Pretty'),
(26, 'Game of Thrones'),
(37, 'The Crown'),
(40, 'Succession'),
(37, 'Breaking Bad'),
(26, 'Breaking Bad'),
(18, 'Abbott Elementary'),
(27, 'Loki'),
(17, 'The White Lotus'),
(40, 'The Crown'),
(2, 'The Mandalorian'),
(19, 'Stranger Things'),
(1, 'Money Heist'),
(26, 'Law and Order'),
(3, 'The White Lotus'),
(32, 'The Crown'),
(1, 'Stranger Things'),
(23, 'The White Lotus'),
(35, 'Kaleidoscope'),
(5, 'The Crown'),
(28, 'The Crown'),
(1, 'Breaking Bad'),
(36, 'The Mandalorian'),
(34, 'The Crown'),
(33, 'Stranger Things'),
(7, 'The Mandalorian'),
(25, 'Dash and Lily'),
(28, 'Its Always Sunny in Philadelphia'),
(12, 'Breaking Bad'),
(12, 'The White Lotus'),
(37, 'The Mandalorian'),
(29, 'The Crown'),
(30, 'The Mandalorian'),
(39, 'Nobody Wants This'),
(24, 'Breaking Bad'),
(28, 'Stranger Things'),
(5, 'Stranger Things'),
(4, 'Law and Order'),
(7, 'Game of Thrones'),
(4, 'Game of Thrones'),
(40, 'Game of Thrones'),
(2, 'ANT Farm'),
(3, 'The Crown'),
(25, 'Stranger Things'),
(40, 'Stranger Things'),
(39, 'Game of Thrones'),
(25, 'Breaking Bad'),
(22, 'The Crown'),
(40, 'The Mandalorian'),
(31, 'Stranger Things'),
(20, 'Game of Thrones'),
(19, 'Breaking Bad'),
(18, 'Severance'),
(14, 'The Mandalorian'),
(16, 'Stranger Things'),
(16, 'Game of Thrones'),
(23, 'Breaking Bad'),
(11, 'Succession'),
(32, 'The Mandalorian'),
(13, 'Stranger Things'),
(14, 'Game of Thrones'),
(21, 'Breaking Bad'),
(33, 'The Crown'),
(32, 'Brooklyn 99');

INSERT INTO streaming_pltfm (showId, platform)
VALUES
(12, 'Netflix'),
(5, 'Hulu'),
(18, 'Prime Video'),
(33, 'YoutubeTV+'),
(7, 'HBO Max'),
(1, 'Fubo'),
(40, 'Fubo'),
(25, 'Prime Video'),
(14, 'Disney+'),
(9, 'HBO Max'),
(3, 'Netflix'),
(16, 'Hulu'),
(27, 'Prime Video'),
(21, 'Disney+'),
(38, 'AppleTV+'),
(6, 'Netflix'),
(2, 'Hulu'),
(30, 'Crunchyroll'),
(19, 'Disney+'),
(10, 'HBO Max'),
(8, 'Netflix'),
(37, 'HBO Max'),
(23, 'YoutubeTV'),
(15, 'Disney+'),
(11, 'BBC'),
(20, 'Netflix'),
(26, 'BBC'),
(31, 'Prime Video'),
(4, 'Disney+'),
(28, 'Fubo'),
(35, 'Netflix'),
(13, 'Hulu'),
(39, 'Youtube'),
(36, 'Disney+'),
(17, 'Peacock'),
(24, 'Peacock'),
(22, 'Hulu'),
(29, 'Prime Video'),
(32, 'Disney+'),
(34, 'HBO Max'),
(5, 'Netflix'),
(14, 'Hulu'),
(12, 'Prime Video'),
(8, 'Disney+'),
(3, 'HBO Max'),
(19, 'Netflix'),
(40, 'Hulu'),
(6, 'Prime Video'),
(9, 'Disney+'),
(18, 'HBO Max'),
(2, 'Netflix'),
(21, 'Hulu'),
(7, 'Prime Video'),
(38, 'Disney+'),
(16, 'HBO Max'),
(1, 'Netflix'),
(26, 'Paramount+'),
(4, 'Prime Video'),
(15, 'Apple TV+'),
(35, 'HBO Max'),
(13, 'Netflix'),
(36, 'Hulu'),
(23, 'ESPN'),
(10, 'Disney+'),
(32, 'HBO Max'),
(24, 'Netflix'),
(17, 'Hulu'),
(20, 'Prime Video'),
(31, 'Paramount+'),
(28, 'HBO Max'),
(37, 'FuboTV'),
(30, 'Hulu'),
(39, 'Prime Video'),
(34, 'Discovery+'),
(27, 'HBO Max'),
(11, 'Netflix'),
(25, 'Paramount+}'),
(33, 'Prime Video'),
(29, 'Disney+'),
(22, 'HBO Max'),
(8, 'FandangoNow'),
(18, 'Hulu'),
(6, 'Paramount+'),
(16, 'Disney+'),
(12, 'HBO Max'),
(40, 'Netflix'),
(19, 'Hulu'),
(3, 'Prime Video'),
(35, 'Disney+'),
(15, 'HBO Max'),
(5, 'Fubo'),
(10, 'Hulu'),
(28, 'Prime Video'),
(7, 'Disney+'),
(13, 'HBO Max'),
(32, 'Netflix'),
(14, 'AppleTV+'),
(9, 'Prime Video'),
(38, 'PlutoTV'),
(4, 'HBO Max'),
(36, 'Netflix'),
(20, 'Hulu'),
(27, 'FandangoNow'),
(1, 'Disney+'),
(17, 'HBO Max'),
(37, 'Netflix'),
(25, 'Hulu'),
(23, 'Prime Video'),
(33, 'Disney+'),
(21, 'HBO Max'),
(29, 'Netflix'),
(39, 'Hulu'),
(30, 'Prime Video'),
(34, 'Disney+'),
(11, 'HBO Max'),
(22, 'Netflix'),
(26, 'Hulu'),
(24, 'Prime Video'),
(31, 'Disney+'),
(2, 'HBO Max');

INSERT INTO coworkers (directorId, actorId)
VALUES
(1, 5),
(2, 18),
(3, 27),
(4, 9),
(5, 31),
(6, 12),
(7, 39),
(8, 1),
(9, 23),
(10, 16),
(11, 7),
(12, 40),
(13, 35),
(14, 2),
(15, 8),
(16, 30),
(17, 11),
(18, 4),
(19, 37),
(20, 25),
(21, 3),
(22, 19),
(23, 36),
(24, 14),
(25, 33),
(26, 6),
(27, 21),
(28, 28),
(29, 10),
(30, 17),
(31, 13),
(32, 38),
(33, 22),
(34, 26),
(35, 15),
(36, 24),
(37, 29),
(38, 34),
(39, 20),
(40, 32),
(1, 8),
(2, 25),
(3, 12),
(4, 38),
(5, 27),
(6, 2),
(7, 16),
(8, 40),
(9, 6),
(10, 31),
(11, 4),
(12, 19),
(13, 14),
(14, 35),
(15, 9),
(16, 22),
(17, 33),
(18, 1),
(19, 28),
(20, 11),
(21, 36),
(22, 3),
(23, 15),
(24, 32),
(25, 5),
(26, 39),
(27, 10),
(28, 30),
(29, 13),
(30, 26),
(31, 7),
(32, 23),
(33, 37),
(34, 20),
(35, 18),
(36, 29),
(37, 17),
(38, 24),
(39, 21),
(40, 35),
(1, 3),
(2, 7),
(3, 40),
(4, 18),
(5, 12),
(6, 27),
(7, 33),
(8, 15),
(9, 35),
(10, 8),
(11, 14),
(12, 37),
(13, 6),
(14, 11),
(15, 39),
(16, 5),
(17, 24),
(18, 20),
(19, 32),
(20, 9),
(21, 28),
(22, 17),
(23, 2),
(24, 31),
(25, 4),
(26, 13),
(27, 36),
(28, 19),
(29, 25),
(30, 10),
(31, 16),
(32, 40),
(33, 21),
(34, 29),
(35, 23),
(36, 26),
(37, 1),
(38, 22),
(39, 30),
(40, 34);

INSERT INTO keyword (showId, keyword) VALUES
(15, 'space'),
(16, 'high'),
(7, 'detective'),
(12, 'love'),
(3, 'dragon'),
(25, 'island'),
(8, 'battle'),
(2, 'mystery'),
(33, 'family'),
(5, 'war'),
(18, 'ghost'),
(40, 'power'),
(9, 'queen'),
(22, 'magic'),
(1, 'city'),
(14, 'crime'),
(37, 'school'),
(28, 'fire'),
(6, 'doctor'),
(30, 'road'),
(13, 'alien'),
(19, 'castle'),
(4, 'shadow'),
(29, 'legend'),
(20, 'storm'),
(35, 'blood'),
(26, 'king'),
(10, 'planet'),
(32, 'ocean'),
(39, 'planet'),
(11, 'hero'),
(31, 'game'),
(24, 'dark'),
(38, 'river'),
(21, 'monster'),
(17, 'future'),
(27, 'dream'),
(36, 'world'),
(34, 'house'),
(23, 'train'),
(15, 'battle'),
(16, 'city'),
(7, 'fire'),
(12, 'hero'),
(3, 'school'),
(25, 'magic'),
(8, 'storm'),
(2, 'world'),
(33, 'king'),
(5, 'dark'),
(18, 'crime'),
(40, 'legend'),
(9, 'ghost'),
(22, 'river'),
(1, 'future'),
(14, 'island'),
(37, 'house'),
(28, 'dream'),
(6, 'ocean'),
(30, 'blood'),
(13, 'dragon'),
(19, 'monster'),
(4, 'storm'),
(29, 'alien'),
(20, 'power'),
(35, 'detective'),
(26, 'castle'),
(10, 'street'),
(32, 'train'),
(39, 'mystery'),
(11, 'space'),
(31, 'shadow'),
(24, 'planet'),
(38, 'game'),
(21, 'war'),
(17, 'doctor'),
(27, 'fire'),
(36, 'dream'),
(34, 'hero'),
(23, 'crime'),
(15, 'river'),
(16, 'ghost'),
(7, 'storm'),
(12, 'future'),
(3, 'legend'),
(25, 'dark'),
(8, 'king'),
(2, 'magic'),
(33, 'house'),
(5, 'ocean'),
(18, 'battle'),
(40, 'blood'),
(9, 'monster'),
(22, 'island'),
(1, 'train'),
(14, 'city'),
(37, 'shadow'),
(28, 'space'),
(6, 'castle'),
(30, 'war'),
(13, 'detective'),
(19, 'river'),
(4, 'ghost'),
(29, 'future'),
(20, 'fire'),
(35, 'storm'),
(26, 'dark'),
(10, 'ocean'),
(32, 'legend'),
(39, 'crime'),
(11, 'magic'),
(31, 'power'),
(24, 'hero'),
(38, 'monster'),
(21, 'house'),
(17, 'street'),
(27, 'space'),
(36, 'dragon'),
(34, 'battle'),
(23, 'mystery');

INSERT INTO user_forums (userId, forumId)
VALUES
(5, 12),
(1, 8),
(22, 30),
(14, 3),
(7, 28),
(11, 2),
(33, 19),
(8, 40),
(27, 5),
(15, 21),
(10, 34),
(4, 16),
(29, 7),
(2, 11),
(38, 29),
(13, 39),
(36, 9),
(17, 6),
(31, 20),
(3, 15),
(24, 1),
(40, 14),
(19, 25),
(6, 13),
(21, 37),
(9, 32),
(16, 4),
(30, 18),
(12, 35),
(35, 27),
(20, 10),
(23, 22),
(34, 24),
(26, 17),
(37, 29),
(18, 38),
(28, 26),
(39, 33),
(25, 36),
(14, 12),
(5, 8),
(7, 19),
(10, 1),
(22, 40),
(3, 30),
(16, 12),
(38, 5),
(29, 27),
(12, 34),
(24, 2),
(1, 22),
(31, 16),
(6, 11),
(20, 13),
(33, 9),
(18, 27),
(27, 17),
(15, 39),
(40, 7),
(11, 36),
(4, 14),
(35, 21),
(9, 37),
(26, 10),
(19, 3),
(13, 31),
(21, 28),
(8, 20),
(17, 4),
(30, 24),
(25, 18),
(2, 29),
(38, 26),
(7, 15),
(10, 33),
(23, 12),
(14, 6),
(34, 40),
(5, 19),
(31, 22),
(3, 9),
(20, 28),
(11, 24),
(16, 5),
(27, 13),
(39, 7),
(12, 30),
(1, 17),
(22, 10),
(6, 36),
(18, 25),
(24, 8),
(35, 14),
(9, 21),
(4, 27),
(30, 39),
(13, 32),
(7, 18),
(25, 2),
(38, 20),
(15, 5),
(20, 33),
(11, 19),
(27, 1),
(3, 16),
(16, 37),
(40, 12),
(9, 26),
(14, 29),
(23, 4),
(5, 30),
(18, 7),
(31, 24),
(12, 11),
(2, 20),
(34, 15),
(19, 38),
(7, 10),
(28, 22),
(6, 35),
(21, 9),
(13, 17),
(37, 3),
(10, 14),
(25, 40),
(4, 8),
(29, 13),
(15, 19),
(1, 6),
(22, 31),
(38, 23),
(9, 5),
(20, 27);

INSERT INTO follows (followerId, followeeId)
VALUES
(1, 2),
(2, 3),
(3, 4),
(4, 5),
(5, 6),
(6, 7),
(7, 8),
(8, 9),
(9, 10),
(10, 15),
(11, 12),
(12, 13),
(13, 14),
(14, 15),
(15, 16),
(16, 17),
(17, 18),
(18, 19),
(19, 20),
(20, 21),
(21, 22),
(22, 23),
(23, 24),
(24, 25),
(25, 26),
(26, 27),
(27, 28),
(28, 29),
(29, 30),
(30, 31),
(31, 32),
(32, 33),
(33, 34),
(34, 35),
(35, 36),
(36, 37),
(37, 38),
(38, 39),
(39, 40),
(40, 1),
(1, 3),
(2, 4),
(3, 5),
(4, 6),
(5, 7),
(6, 8),
(7, 9),
(8, 10),
(9, 11),
(10, 12),
(11, 13),
(12, 14),
(13, 15),
(14, 16),
(15, 17),
(16, 18),
(17, 19),
(18, 20),
(19, 21),
(20, 22),
(21, 23),
(22, 24),
(23, 25),
(24, 26),
(25, 27),
(26, 28),
(27, 29),
(28, 30),
(29, 31),
(30, 32),
(31, 33),
(32, 34),
(33, 35),
(34, 36),
(35, 37),
(36, 38),
(37, 39),
(38, 40),
(39, 1),
(40, 2),
(1, 4),
(2, 5),
(3, 6),
(4, 7),
(5, 8),
(6, 9),
(7, 10),
(8, 11),
(9, 12),
(10, 13),
(11, 14),
(12, 15),
(13, 16),
(14, 17),
(15, 18),
(16, 19),
(17, 20),
(18, 21),
(19, 22),
(20, 23),
(21, 24),
(22, 25),
(23, 26),
(24, 27),
(25, 28),
(26, 29),
(27, 30),
(28, 31),
(29, 32),
(30, 33),
(31, 34),
(32, 35),
(33, 36),
(34, 37),
(35, 38),
(36, 39),
(37, 40),
(38, 1),
(39, 2),
(40, 3);

INSERT INTO featuredIn (actorId, showId)
VALUES
(1, 2),
(2, 3),
(3, 4),
(4, 5),
(5, 6),
(6, 7),
(7, 8),
(8, 9),
(9, 10),
(10, 11),
(11, 12),
(12, 13),
(13, 14),
(14, 15),
(15, 16),
(16, 17),
(17, 18),
(18, 19),
(19, 20),
(20, 21),
(21, 22),
(22, 23),
(23, 24),
(24, 25),
(25, 26),
(26, 27),
(27, 28),
(28, 29),
(29, 30),
(30, 31),
(31, 32),
(32, 33),
(33, 34),
(34, 35),
(35, 36),
(36, 37),
(37, 38),
(38, 39),
(39, 40),
(40, 1),
(1, 3),
(2, 4),
(3, 5),
(4, 6),
(5, 7),
(6, 8),
(7, 9),
(8, 10),
(9, 11),
(10, 12),
(11, 13),
(12, 14),
(13, 15),
(14, 16),
(15, 17),
(16, 18),
(17, 19),
(18, 20),
(19, 21),
(20, 22),
(21, 23),
(22, 24),
(23, 25),
(24, 26),
(25, 27),
(26, 28),
(27, 29),
(28, 30),
(29, 31),
(30, 32),
(31, 33),
(32, 34),
(33, 35),
(34, 36),
(35, 37),
(36, 38),
(37, 39),
(38, 40),
(39, 1),
(40, 2),
(1, 4),
(2, 5),
(3, 6),
(4, 7),
(5, 8),
(6, 9),
(7, 10),
(8, 11),
(9, 12),
(10, 13),
(11, 14),
(12, 15),
(13, 16),
(14, 17),
(15, 18),
(16, 19),
(17, 20),
(18, 21),
(19, 22),
(20, 23),
(21, 24),
(22, 25),
(23, 26),
(24, 27),
(25, 28),
(26, 29),
(27, 30),
(28, 31),
(29, 32),
(30, 33),
(31, 34),
(32, 35),
(33, 36),
(34, 37),
(35, 38),
(36, 39),
(37, 40),
(38, 1),
(39, 2),
(40, 3);

INSERT INTO show_genre (genreId, showId)
VALUES
(5, 19),
(27, 3),
(12, 14),
(7, 29),
(1, 8),
(14, 22),
(19, 11),
(33, 9),
(6, 27),
(21, 30),
(18, 7),
(25, 12),
(39, 34),
(4, 1),
(11, 20),
(23, 5),
(2, 35),
(15, 6),
(8, 28),
(10, 24),
(31, 38),
(38, 16),
(30, 26),
(28, 17),
(22, 25),
(3, 10),
(17, 13),
(13, 2),
(24, 37),
(35, 21),
(34, 15),
(9, 31),
(20, 23),
(16, 4),
(26, 32),
(37, 18),
(32, 1),
(36, 7),
(40, 14),
(29, 36),
(19, 30),
(5, 11),
(7, 30),
(2, 9),
(12, 28),
(15, 3),
(23, 19),
(8, 6),
(14, 10),
(1, 25),
(33, 22),
(10, 31),
(25, 5),
(18, 17),
(39, 8),
(21, 27),
(6, 16),
(28, 13),
(3, 35),
(30, 24),
(22, 29),
(16, 20),
(35, 4),
(40, 15),
(26, 18),
(32, 7),
(37, 11),
(9, 33),
(24, 2),
(13, 30),
(17, 9),
(31, 5),
(19, 26),
(4, 22),
(20, 14),
(38, 19),
(5, 8),
(7, 16),
(2, 31),
(12, 27),
(15, 10),
(23, 3),
(8, 13),
(14, 35),
(1, 9),
(33, 20),
(10, 29),
(25, 6),
(18, 32),
(39, 24),
(21, 18),
(6, 11),
(28, 5),
(3, 17),
(30, 13),
(22, 8),
(16, 27),
(35, 10),
(40, 3),
(26, 22),
(32, 30),
(37, 15),
(9, 7),
(24, 33),
(13, 19),
(17, 4),
(31, 12),
(19, 16),
(4, 26),
(20, 21),
(38, 9),
(5, 2),
(7, 34),
(2, 28),
(12, 15),
(15, 7),
(23, 11);

INSERT INTO favorited_prod (favoritedId, showId)
VALUES
(12, 25),
(7, 14),
(1, 9),
(30, 18),
(22, 6),
(19, 35),
(33, 2),
(4, 28),
(17, 31),
(25, 3),
(39, 21),
(6, 34),
(10, 16),
(15, 7),
(21, 11),
(2, 27),
(8, 24),
(13, 5),
(27, 22),
(31, 8),
(18, 13),
(24, 10),
(34, 19),
(11, 30),
(5, 4),
(20, 32),
(3, 15),
(29, 12),
(14, 20),
(26, 9),
(35, 26),
(9, 17),
(23, 33),
(37, 1),
(28, 23),
(32, 29),
(38, 36),
(16, 25),
(40, 7),
(1, 22),
(6, 14),
(12, 30),
(25, 19),
(21, 4),
(8, 28),
(14, 6),
(19, 11),
(33, 10),
(5, 15),
(24, 17),
(30, 35),
(3, 2),
(27, 24),
(10, 13),
(18, 21),
(35, 8),
(23, 10),
(39, 26),
(7, 18),
(13, 31),
(16, 5),
(22, 33),
(28, 12),
(34, 20),
(2, 11),
(11, 23),
(17, 29),
(31, 1),
(40, 16),
(4, 27),
(9, 7),
(15, 22),
(26, 14),
(37, 30),
(12, 19),
(20, 4),
(3, 28),
(25, 6),
(8, 11),
(14, 33),
(19, 5),
(33, 9),
(6, 13),
(24, 18),
(30, 21),
(10, 7),
(22, 26),
(38, 12),
(15, 29),
(1, 34),
(27, 20),
(9, 8),
(23, 16),
(31, 2),
(35, 25),
(5, 10),
(16, 27),
(21, 14),
(3, 22),
(29, 6),
(12, 32),
(18, 11),
(7, 19),
(24, 33),
(33, 17),
(2, 9),
(40, 28),
(11, 5),
(26, 15),
(19, 21),
(8, 3),
(14, 30);

INSERT INTO comp_lists (toWatchId, showId)
VALUES
(12, 7),
(3, 19),
(44, 2),
(28, 31),
(55, 14),
(60, 23),
(7, 10),
(39, 1),
(65, 34),
(18, 9),
(22, 26),
(51, 15),
(5, 21),
(47, 27),
(11, 8),
(34, 24),
(1, 13),
(58, 3),
(8, 11),
(40, 17),
(21, 30),
(61, 4),
(25, 12),
(17, 22),
(6, 5),
(43, 16),
(29, 21),
(53, 6),
(14, 18),
(4, 33),
(36, 7),
(19, 28),
(50, 9),
(10, 34),
(26, 13),
(59, 25),
(13, 19),
(46, 8),
(2, 20),
(38, 14),
(24, 31),
(62, 5),
(9, 27),
(42, 16),
(16, 10),
(31, 21),
(54, 3),
(20, 11),
(48, 15),
(15, 30),
(35, 7),
(23, 12),
(57, 4),
(30, 9),
(1, 26),
(41, 17),
(27, 22),
(63, 6),
(12, 19),
(37, 8),
(18, 13),
(5, 31),
(44, 25),
(22, 14),
(9, 33),
(50, 10),
(14, 16),
(3, 21),
(58, 27),
(25, 5),
(11, 12),
(39, 7),
(7, 18),
(48, 20),
(19, 23),
(33, 11),
(60, 29),
(16, 6),
(27, 15),
(4, 9),
(41, 13),
(23, 22),
(62, 17),
(10, 30),
(34, 5),
(15, 19),
(53, 8),
(2, 14),
(36, 21),
(21, 16),
(59, 27),
(8, 10),
(44, 23),
(26, 9),
(13, 31),
(50, 7),
(17, 12),
(5, 20),
(38, 15),
(24, 19),
(61, 3),
(11, 22),
(40, 8),
(28, 27),
(54, 6),
(19, 11),
(6, 14),
(45, 30),
(15, 5);

INSERT INTO watched_prod (userId, showId)
VALUES
(3, 15),
(1, 28),
(7, 4),
(12, 33),
(25, 9),
(30, 11),
(2, 37),
(8, 22),
(19, 6),
(13, 20),
(5, 31),
(17, 24),
(10, 12),
(21, 7),
(6, 35),
(23, 16),
(4, 18),
(29, 3),
(15, 27),
(34, 10),
(9, 14),
(18, 2),
(11, 21),
(22, 26),
(16, 5),
(27, 8),
(14, 30),
(35, 13),
(20, 19),
(24, 1),
(31, 17),
(36, 23),
(28, 34),
(33, 25),
(39, 29),
(37, 36),
(32, 38),
(38, 32),
(40, 15),
(1, 6),
(2, 14),
(3, 22),
(4, 9),
(5, 28),
(6, 11),
(7, 17),
(8, 21),
(9, 19),
(10, 7),
(11, 35),
(12, 30),
(13, 13),
(14, 18),
(15, 5),
(16, 4),
(17, 8),
(18, 29),
(19, 20),
(20, 26),
(21, 3),
(22, 16),
(23, 25),
(24, 3),
(25, 12),
(26, 33),
(27, 15),
(28, 6),
(29, 19),
(30, 34),
(31, 9),
(32, 24),
(33, 11),
(34, 7),
(35, 14),
(36, 27),
(37, 23),
(38, 30),
(39, 5),
(40, 18),
(1, 22),
(2, 10),
(3, 17),
(4, 13),
(5, 16),
(6, 8),
(7, 25),
(8, 6),
(9, 32),
(10, 21),
(11, 4),
(12, 29),
(13, 26),
(14, 33),
(15, 9),
(16, 19),
(17, 30),
(18, 15),
(19, 3),
(20, 12),
(21, 14),
(22, 18),
(23, 7),
(24, 27),
(25, 20),
(26, 11),
(27, 5),
(28, 8),
(29, 22),
(30, 13),
(31, 16),
(32, 25),
(33, 6),
(34, 31),
(35, 10),
(36, 4),
(37, 19),
(38, 17),
(39, 14),
(40, 21);

INSERT INTO article_genre (genreId, articleId)
VALUES
(3, 27),
(10, 14),
(22, 6),
(5, 33),
(12, 19),
(7, 8),
(1, 21),
(18, 2),
(25, 9),
(9, 31),
(30, 11),
(20, 16),
(4, 28),
(14, 23),
(6, 34),
(19, 13),
(11, 35),
(8, 5),
(16, 12),
(23, 7),
(13, 30),
(2, 18),
(31, 1),
(17, 24),
(27, 10),
(21, 15),
(29, 4),
(15, 20),
(24, 22),
(26, 3),
(33, 17),
(28, 25),
(32, 29),
(34, 26),
(35, 32),
(36, 27),
(37, 31),
(38, 14),
(39, 19),
(40, 7),
(1, 33),
(2, 6),
(3, 11),
(4, 22),
(5, 8),
(6, 15),
(7, 30),
(8, 25),
(9, 17),
(10, 29),
(11, 20),
(12, 13),
(13, 4),
(14, 19),
(15, 7),
(16, 23),
(17, 21),
(18, 26),
(19, 9),
(20, 12),
(21, 27),
(22, 16),
(23, 10),
(24, 14),
(25, 31),
(26, 33),
(27, 28),
(28, 35),
(29, 24),
(30, 32),
(31, 18),
(32, 20),
(33, 5),
(34, 1),
(35, 3),
(36, 7),
(37, 9),
(38, 13),
(39, 15),
(40, 22),
(1, 24),
(2, 30),
(3, 28),
(4, 19),
(5, 28),
(6, 31),
(7, 12),
(8, 11),
(9, 18),
(10, 23),
(11, 5),
(12, 7),
(13, 21),
(14, 14),
(15, 9),
(16, 3),
(17, 25),
(18, 33),
(19, 4),
(20, 20),
(21, 13),
(22, 15),
(23, 29),
(24, 2),
(25, 10),
(26, 6),
(27, 22),
(28, 8),
(29, 1),
(30, 26),
(31, 17),
(32, 30),
(33, 19),
(34, 14),
(35, 12),
(36, 9),
(37, 3),
(38, 5),
(39, 8),
(40, 11);

INSERT INTO com_reviews (commentId, writtenrevId)
VALUES
(12, 33),
(3, 45),
(44, 12),
(28, 58),
(55, 9),
(60, 25),
(7, 41),
(39, 6),
(65, 17),
(18, 54),
(22, 38),
(51, 11),
(5, 62),
(47, 21),
(11, 35),
(34, 48),
(1, 29),
(58, 7),
(8, 19),
(40, 63),
(21, 14),
(61, 52),
(25, 26),
(17, 60),
(6, 31),
(43, 22),
(29, 13),
(53, 57),
(14, 44),
(4, 28),
(36, 24),
(19, 41),
(50, 10),
(10, 59),
(26, 55),
(59, 16),
(13, 37),
(46, 53),
(2, 20),
(38, 43),
(24, 27),
(62, 15),
(9, 47),
(42, 39),
(16, 64),
(31, 1),
(54, 30),
(20, 36),
(48, 8),
(15, 61),
(35, 4),
(23, 18),
(57, 34),
(30, 49),
(1, 40),
(41, 56),
(27, 23),
(63, 5),
(12, 50),
(37, 19),
(18, 44),
(5, 21),
(44, 7),
(22, 58),
(9, 13),
(50, 62),
(14, 17),
(3, 30),
(58, 48),
(25, 6),
(11, 39),
(39, 24),
(7, 55),
(48, 26),
(19, 32),
(33, 45),
(60, 11),
(16, 53),
(27, 41),
(4, 60),
(41, 38),
(23, 27),
(62, 20),
(10, 49),
(34, 64),
(15, 16),
(53, 1),
(2, 36),
(36, 54),
(21, 8),
(59, 63),
(8, 22),
(44, 9),
(26, 31),
(13, 57),
(50, 42),
(17, 35),
(6, 28),
(38, 11),
(24, 55),
(61, 14),
(11, 47),
(40, 39),
(29, 64),
(54, 36),
(19, 20),
(7, 59),
(45, 38),
(15, 53);

